naam;score
Pascal;0.44048619270324707
naam;score
1;1.0759098529815674
naam;score
ADSF;9.2316153049469
naam;score
sdfg;0.3012099266052246
naam;score
j;2.7506163120269775
